plan_id,description,location,start_date,number_of_camps,end_date,food_storage,water_storage,firstaid_kits_storage
London_2023,Storm caused flooding,London,17-11-2023,5,,10000,10000,2000
Ukraine_2022,War,Ukraine,01-03-2022,7,,50000,50000,4000
Osaka_2017,Earthquake,Osaka,01-03-2017,4,01-07-2017,10000,10000,2000
Rio de Janeiro_2021,Heat Wave,Rio de Janeiro,01-03-2021,6,,50000,50000,4000
Chicago_2022,Blizzard,Chicago,01-03-2022,5,,10000,10000,2000
Barcelona_2022,War,Barcelona,01-03-2022,8,,50000,50000,4000
