refugee_id,refugee_name,gender,date_of_birth,plan_id,camp_name,medical_condition,family_members,remarks
1,Steve Walker,3,24-07-1971,London_2023,Camp 1,3,6,No remarks
2,Paula Jackson,2,01-11-1962,London_2023,Camp 1,3,1,No remarks
3,Paula Brown,2,04-09-1953,London_2023,Camp 1,6,1,No remarks
4,George Robinson,2,25-02-1998,London_2023,Camp 1,1,2,No remarks
5,Walter Lewis,3,10-11-1994,London_2023,Camp 1,1,1,No remarks
6,Judy Harris,2,23-08-1956,London_2023,Camp 1,1,7,No remarks
7,Laura Jackson,1,10-08-1952,London_2023,Camp 1,1,6,No remarks
8,Alice Davis,2,26-09-1988,London_2023,Camp 1,1,2,No remarks
9,Rachel Wilson,3,02-03-1989,London_2023,Camp 1,2,4,No remarks
10,Vivian King,2,01-09-1951,London_2023,Camp 1,1,1,No remarks
11,Oscar Garcia,1,26-01-1981,London_2023,Camp 1,6,4,Needs job assistance
12,Vivian Allen,3,28-07-1962,London_2023,Camp 1,1,1,No remarks
13,Rachel Hall,3,12-08-1974,London_2023,Camp 1,1,2,No remarks
14,Bob Hall,2,09-06-1975,London_2023,Camp 1,1,1,Requires language support
15,Vivian Garcia,3,19-06-1977,London_2023,Camp 1,1,2,No remarks
16,Alice Jackson,1,18-08-1956,London_2023,Camp 1,1,2,No remarks
17,Rachel Martin,3,11-12-1971,London_2023,Camp 1,1,1,No remarks
18,Judy Robinson,1,01-05-1963,London_2023,Camp 1,1,4,No remarks
19,Umar Hall,2,18-07-1982,London_2023,Camp 1,1,4,No remarks
20,Zack Harris,1,05-08-1985,London_2023,Camp 1,6,1,No remarks
21,Fiona Garcia,1,28-06-1991,London_2023,Camp 1,1,1,Looking for family members
22,Alice Lewis,3,03-05-1969,London_2023,Camp 1,1,1,No remarks
23,Michael Lewis,3,21-08-1969,London_2023,Camp 1,1,3,No remarks
24,Yvonne Walker,3,02-04-1950,London_2023,Camp 1,5,3,No remarks
25,Bob Johnson,3,24-10-1962,London_2023,Camp 1,6,1,No remarks
26,Ellen Wilson,2,28-04-1985,London_2023,Camp 2,1,2,Needs job assistance
27,Ian Walker,2,08-05-2000,London_2023,Camp 2,7,6,No remarks
28,Tina Allen,1,03-03-1988,London_2023,Camp 2,1,3,No remarks
29,Zack Jones,1,09-09-1963,London_2023,Camp 2,1,7,No remarks
30,Ian Anderson,3,26-06-1986,London_2023,Camp 2,1,2,No remarks
31,Steve Lee,2,23-10-1982,London_2023,Camp 2,1,3,No remarks
32,Ellen Clark,2,08-03-1994,London_2023,Camp 2,6,1,No remarks
33,Fiona Jones,2,06-03-1956,London_2023,Camp 2,1,3,No remarks
34,Fiona Thompson,1,09-10-1961,London_2023,Camp 2,1,6,No remarks
35,Tina Jones,3,06-04-1970,London_2023,Camp 2,1,2,No remarks
36,Vivian Johnson,3,11-07-1954,London_2023,Camp 2,6,2,No remarks
37,Vivian Young,3,02-10-1994,London_2023,Camp 2,1,7,No remarks
38,Quentin Wilson,2,22-06-1999,London_2023,Camp 2,1,6,No remarks
39,Rachel Smith,2,24-02-1989,London_2023,Camp 2,1,7,No remarks
40,Walter Lee,2,21-10-1984,London_2023,Camp 2,1,1,Awaiting relocation
41,Nora Allen,1,18-12-1999,London_2023,Camp 2,6,3,No remarks
42,Steve Garcia,1,03-09-1963,London_2023,Camp 2,1,3,Awaiting relocation
43,Alice Jackson,3,14-06-1983,London_2023,Camp 2,1,4,Requires language support
44,Edward Martinez,1,15-04-1954,London_2023,Camp 2,1,3,No remarks
45,Steve Brown,2,05-04-1990,London_2023,Camp 2,1,3,No remarks
46,Tina Hall,3,02-06-1977,London_2023,Camp 2,1,3,No remarks
47,Alice Williams,2,12-12-1995,London_2023,Camp 2,2,3,No remarks
48,Laura Lewis,1,10-12-1996,London_2023,Camp 2,6,1,Missing a pet
49,Michael Rodriguez,1,08-09-1957,London_2023,Camp 2,1,1,No remarks
50,Yvonne Taylor,1,03-11-1957,London_2023,Camp 3,1,5,No remarks
51,Diana Thompson,1,20-12-1956,London_2023,Camp 3,1,5,No remarks
52,Judy Rodriguez,3,17-08-1987,London_2023,Camp 3,1,1,No remarks
53,Rachel Davis,2,21-08-1967,London_2023,Camp 3,5,6,No remarks
54,Ian Hall,1,20-08-1974,London_2023,Camp 3,1,4,No remarks
55,Vivian Garcia,2,16-03-1999,London_2023,Camp 3,4,3,No remarks
56,Ian Williams,3,19-02-1963,London_2023,Camp 3,2,7,No remarks
57,Yvonne Hall,2,01-04-1953,London_2023,Camp 3,1,1,No remarks
58,Nora Walker,1,13-10-1950,London_2023,Camp 3,1,1,No remarks
59,Ellen Martin,2,20-07-1952,London_2023,Camp 4,3,5,No remarks
60,Quentin Williams,1,06-05-1983,London_2023,Camp 4,1,4,No remarks
61,Quentin Walker,3,07-11-1985,London_2023,Camp 4,1,6,No remarks
62,Edward Brown,3,20-12-1958,London_2023,Camp 4,4,2,No remarks
63,Fiona Lewis,1,24-04-1986,London_2023,Camp 4,1,6,No remarks
64,Bob Davis,2,12-06-1985,London_2023,Camp 4,2,5,No remarks
65,Hannah Smith,3,05-05-1985,London_2023,Camp 4,1,4,Needs job assistance
66,Ian Martinez,2,04-06-1968,London_2023,Camp 4,5,2,No remarks
67,Umar Davis,3,13-04-1956,London_2023,Camp 4,5,2,No remarks
68,Oscar Walker,2,03-10-1967,London_2023,Camp 4,2,6,No remarks
69,Daniel Johnson,2,10-02-1993,London_2023,Camp 4,4,2,No remarks
70,Brian White,1,10-05-1969,London_2023,Camp 4,1,7,No remarks
71,Diana Harris,1,08-10-1992,London_2023,Camp 4,1,2,No remarks
72,Charlie Allen,3,02-10-1990,London_2023,Camp 4,1,2,No remarks
73,Yvonne White,3,12-05-1968,London_2023,Camp 4,2,6,No remarks
74,Rachel Anderson,3,23-05-1972,London_2023,Camp 4,1,4,Awaiting relocation
75,Fiona Garcia,2,20-10-1980,London_2023,Camp 4,1,7,No remarks
76,Tina Jones,2,03-07-1959,London_2023,Camp 4,1,6,No remarks
77,Brian Young,1,19-07-1986,London_2023,Camp 4,1,5,No remarks
78,Daniel Wilson,3,18-01-1955,London_2023,Camp 4,1,1,Requires language support
79,Zack White,3,25-11-1973,London_2023,Camp 5,5,6,Awaiting relocation
80,Edward Thomas,3,02-04-1958,London_2023,Camp 5,1,7,No remarks
81,Michael King,3,23-04-1980,London_2023,Camp 5,1,6,No remarks
82,Daniel Davis,1,02-04-1980,London_2023,Camp 5,1,1,No remarks
83,Vivian Taylor,1,19-07-1999,London_2023,Camp 5,6,6,Requires language support
84,Alice Martinez,1,14-01-1983,London_2023,Camp 5,1,6,No remarks
85,Hannah Thomas,2,17-06-1974,London_2023,Camp 5,1,2,No remarks
86,Edward Walker,3,13-08-1963,London_2023,Camp 5,1,1,No remarks
87,Zack Rodriguez,2,22-02-1993,London_2023,Camp 5,1,3,No remarks
88,Michael Thomas,1,10-02-1968,London_2023,Camp 5,1,1,No remarks
89,George Jackson,2,13-10-1995,Ukraine_2022,Camp 1,3,4,Requires language support
90,Brian Taylor,1,16-06-1958,Ukraine_2022,Camp 1,4,6,No remarks
91,Edward Robinson,3,01-12-1997,Ukraine_2022,Camp 1,1,2,No remarks
92,Rachel Miller,1,26-10-1982,Ukraine_2022,Camp 1,1,2,No remarks
93,Alice Martin,3,26-07-1996,Ukraine_2022,Camp 1,1,4,No remarks
94,Judy King,2,23-12-1963,Ukraine_2022,Camp 1,6,5,Missing a pet
95,Charlie Brown,3,26-09-1999,Ukraine_2022,Camp 1,6,1,Needs job assistance
96,Zack Clark,2,18-03-1998,Ukraine_2022,Camp 1,1,4,No remarks
97,Tina Martin,1,01-06-1987,Ukraine_2022,Camp 1,1,4,No remarks
98,Daniel Thomas,1,28-01-1969,Ukraine_2022,Camp 1,6,4,No remarks
99,Paula Lewis,1,13-02-1996,Ukraine_2022,Camp 1,1,2,No remarks
100,Judy Thompson,1,20-12-1961,Ukraine_2022,Camp 1,4,1,No remarks
101,Umar Robinson,3,24-08-1976,Ukraine_2022,Camp 2,1,4,Missing a pet
102,Nora Lee,3,09-02-1992,Ukraine_2022,Camp 2,1,7,No remarks
103,Bob Young,2,09-02-1969,Ukraine_2022,Camp 2,1,1,No remarks
104,Ian Wilson,1,02-02-1987,Ukraine_2022,Camp 2,2,2,No remarks
105,Hannah Martin,1,27-11-1997,Ukraine_2022,Camp 2,1,1,No remarks
106,Edward Jackson,3,14-07-1989,Ukraine_2022,Camp 2,1,4,Needs job assistance
107,Bob Hall,3,28-09-1993,Ukraine_2022,Camp 2,1,3,No remarks
108,Michael Hall,3,05-06-1968,Ukraine_2022,Camp 2,1,3,No remarks
109,George Davis,2,08-11-1975,Ukraine_2022,Camp 2,1,3,No remarks
110,Ian Martin,2,02-03-1959,Ukraine_2022,Camp 2,1,3,No remarks
111,Oscar Martin,3,13-01-1965,Ukraine_2022,Camp 2,1,4,No remarks
112,Rachel Clark,2,28-11-1974,Ukraine_2022,Camp 2,3,3,No remarks
113,Judy Harris,1,27-07-1959,Ukraine_2022,Camp 2,1,7,No remarks
114,Walter Allen,1,17-06-1995,Ukraine_2022,Camp 2,1,5,No remarks
115,Daniel King,3,05-10-1967,Ukraine_2022,Camp 2,1,1,No remarks
116,Tina Harris,1,16-11-1964,Ukraine_2022,Camp 2,1,2,No remarks
117,Diana Allen,2,26-10-1974,Ukraine_2022,Camp 2,1,6,No remarks
118,Quentin Hall,2,05-02-1957,Ukraine_2022,Camp 2,3,6,No remarks
119,Vivian Johnson,3,04-01-1980,Ukraine_2022,Camp 2,1,1,No remarks
120,Fiona Taylor,3,04-06-1965,Ukraine_2022,Camp 2,1,5,No remarks
121,Walter Anderson,3,14-08-1977,Ukraine_2022,Camp 2,2,4,No remarks
122,Laura Lee,2,19-05-1967,Ukraine_2022,Camp 2,4,1,No remarks
123,Judy Hernandez,1,18-05-1960,Ukraine_2022,Camp 2,1,6,No remarks
124,Ellen Davis,2,10-10-1993,Ukraine_2022,Camp 2,6,2,No remarks
125,Oscar Jackson,3,03-08-1979,Ukraine_2022,Camp 2,1,1,No remarks
126,Vivian Harris,3,21-12-1983,Ukraine_2022,Camp 3,4,3,No remarks
127,Michael Thomas,3,09-10-1970,Ukraine_2022,Camp 3,1,4,No remarks
128,Daniel Jackson,2,07-12-2000,Ukraine_2022,Camp 3,4,3,No remarks
129,Fiona Thomas,2,08-09-1974,Ukraine_2022,Camp 3,1,4,No remarks
130,Rachel Davis,3,04-02-1989,Ukraine_2022,Camp 3,6,2,No remarks
131,Walter Garcia,3,27-02-1950,Ukraine_2022,Camp 3,1,1,Needs job assistance
132,Charlie Harris,3,03-02-1985,Ukraine_2022,Camp 3,1,6,No remarks
133,Zack Walker,1,01-09-1955,Ukraine_2022,Camp 3,5,4,No remarks
134,Diana Thompson,3,13-03-1969,Ukraine_2022,Camp 3,1,7,No remarks
135,Charlie Thompson,2,17-01-1987,Ukraine_2022,Camp 3,1,7,No remarks
136,Quentin Williams,3,13-03-1957,Ukraine_2022,Camp 3,1,6,No remarks
137,Judy White,1,12-09-1975,Ukraine_2022,Camp 3,1,6,No remarks
138,Paula Garcia,2,28-11-1960,Ukraine_2022,Camp 3,1,3,No remarks
139,Quentin Thomas,3,09-06-1958,Ukraine_2022,Camp 3,1,5,No remarks
140,Yvonne Anderson,2,15-07-1966,Ukraine_2022,Camp 3,1,3,No remarks
141,George Garcia,3,23-04-1968,Ukraine_2022,Camp 3,1,1,Missing a pet
142,Umar Williams,3,09-10-1950,Ukraine_2022,Camp 3,3,2,No remarks
143,Diana Garcia,2,27-12-1953,Ukraine_2022,Camp 4,1,2,No remarks
144,Oscar Robinson,3,14-05-1985,Ukraine_2022,Camp 4,1,3,Looking for family members
145,Judy Brown,3,26-07-1950,Ukraine_2022,Camp 4,1,1,No remarks
146,Brian Johnson,3,23-06-1974,Ukraine_2022,Camp 4,1,4,No remarks
147,Charlotte Allen,3,04-08-1973,Ukraine_2022,Camp 4,1,1,No remarks
148,Judy Rodriguez,3,01-02-1995,Ukraine_2022,Camp 4,1,6,No remarks
149,Fiona Rodriguez,1,25-05-1990,Ukraine_2022,Camp 4,2,5,No remarks
150,Steve Lee,2,01-12-1952,Ukraine_2022,Camp 4,1,4,No remarks
151,Ian Wilson,3,26-01-1951,Ukraine_2022,Camp 4,7,6,No remarks
152,Bob White,1,07-06-1964,Ukraine_2022,Camp 4,2,4,No remarks
153,Umar Harris,2,04-12-1991,Ukraine_2022,Camp 4,1,4,No remarks
154,Vivian Harris,3,26-09-1958,Ukraine_2022,Camp 4,1,3,No remarks
155,Michael Thomas,2,08-10-1983,Ukraine_2022,Camp 4,1,2,No remarks
156,Yvonne Jones,2,14-03-1973,Ukraine_2022,Camp 4,1,2,No remarks
157,Nora Thompson,1,20-10-1965,Ukraine_2022,Camp 5,1,5,No remarks
158,Yvonne Jackson,1,09-11-1967,Ukraine_2022,Camp 5,1,1,No remarks
159,George Taylor,2,13-01-1974,Ukraine_2022,Camp 5,1,2,No remarks
160,Yvonne Brown,2,02-08-1996,Ukraine_2022,Camp 5,1,1,No remarks
161,Laura Thomas,1,07-02-1961,Ukraine_2022,Camp 5,1,3,No remarks
162,Yvonne Miller,3,15-09-1955,Ukraine_2022,Camp 5,1,4,No remarks
163,Edward Clark,3,05-05-1996,Ukraine_2022,Camp 5,1,1,No remarks
164,Judy Wilson,2,16-01-1962,Ukraine_2022,Camp 5,5,6,Missing a pet
165,Laura Thomas,2,26-02-1993,Ukraine_2022,Camp 5,1,4,Needs job assistance
166,Diana Miller,2,23-05-1968,Ukraine_2022,Camp 5,2,4,No remarks
167,Yvonne White,3,10-12-1977,Ukraine_2022,Camp 5,2,7,No remarks
168,Charlie Miller,3,07-10-1994,Ukraine_2022,Camp 5,3,5,No remarks
169,Hannah Wilson,1,28-05-1991,Ukraine_2022,Camp 5,1,5,No remarks
170,Michael Martinez,3,21-11-1996,Ukraine_2022,Camp 5,1,1,Looking for family members
171,Nora Taylor,3,25-07-1963,Ukraine_2022,Camp 5,1,7,Needs job assistance
172,Ian Martinez,3,27-03-1998,Ukraine_2022,Camp 5,7,1,No remarks
173,Walter Rodriguez,1,07-07-1967,Ukraine_2022,Camp 5,5,1,Needs job assistance
174,Ian Clark,3,12-03-1986,Ukraine_2022,Camp 5,3,4,No remarks
175,Yvonne Smith,1,04-11-1970,Ukraine_2022,Camp 5,1,4,No remarks
176,Diana Wilson,2,14-06-1961,Ukraine_2022,Camp 5,1,2,No remarks
177,Hannah Young,2,08-06-1971,Ukraine_2022,Camp 5,1,3,No remarks
178,Zack Robinson,2,06-08-1976,Ukraine_2022,Camp 5,1,5,No remarks
179,Fiona Martinez,3,04-02-1986,Ukraine_2022,Camp 5,1,1,No remarks
180,Charlie Lee,3,28-04-2000,Ukraine_2022,Camp 5,1,4,No remarks
181,Judy Clark,2,23-09-1960,Ukraine_2022,Camp 5,1,7,No remarks
182,Yvonne Lee,1,13-06-1979,Ukraine_2022,Camp 5,3,1,Needs job assistance
183,Ian Jones,2,22-12-1963,Ukraine_2022,Camp 5,1,1,No remarks
184,Daniel Taylor,2,07-09-1972,Ukraine_2022,Camp 6,1,3,Awaiting relocation
185,George Rodriguez,3,21-11-1969,Ukraine_2022,Camp 6,1,1,No remarks
186,Zack Hall,3,08-06-1984,Ukraine_2022,Camp 6,1,2,No remarks
187,Bob Thompson,2,17-08-1997,Ukraine_2022,Camp 6,1,7,No remarks
188,Laura Williams,3,02-08-1965,Ukraine_2022,Camp 6,1,6,No remarks
189,Fiona Wilson,1,14-09-1989,Ukraine_2022,Camp 6,1,2,Missing a pet
190,Daniel Clark,1,27-05-1960,Ukraine_2022,Camp 6,7,5,No remarks
191,Laura Garcia,1,15-11-1951,Ukraine_2022,Camp 6,6,7,Requires language support
192,Amelia Garcia,3,17-05-1971,Ukraine_2022,Camp 6,1,6,No remarks
193,Amelia Martinez,3,12-05-1971,Ukraine_2022,Camp 6,1,5,Looking for family members
194,Alice Garcia,2,17-04-1970,Ukraine_2022,Camp 6,3,5,No remarks
195,Umar Garcia,1,06-09-1961,Ukraine_2022,Camp 6,1,5,No remarks
196,Yvonne Jones,3,18-12-1983,Ukraine_2022,Camp 6,1,6,No remarks
197,Yvonne Martinez,3,12-11-1976,Ukraine_2022,Camp 6,1,1,No remarks
198,Quentin Jones,2,04-04-1984,Ukraine_2022,Camp 6,2,1,No remarks
199,Walter Taylor,3,20-09-1969,Ukraine_2022,Camp 6,1,1,Needs job assistance
200,Ian Thompson,2,01-01-1981,Ukraine_2022,Camp 7,1,3,No remarks
201,Ellen Taylor,3,15-04-1999,Ukraine_2022,Camp 7,4,7,No remarks
202,Brian Williams,1,19-03-1950,Ukraine_2022,Camp 7,4,6,No remarks
203,Michael Smith,1,16-08-1978,Ukraine_2022,Camp 7,5,6,No remarks
204,Amelia King,3,03-10-1994,Ukraine_2022,Camp 7,6,5,No remarks
205,Nora Garcia,2,03-03-1954,Ukraine_2022,Camp 7,1,1,No remarks
206,Vivian Smith,3,21-03-1988,Ukraine_2022,Camp 7,1,3,Looking for family members
207,George Anderson,1,20-07-1988,Ukraine_2022,Camp 7,1,5,No remarks
208,Brian Thompson,3,11-05-1952,Ukraine_2022,Camp 7,1,4,No remarks
209,Oscar Allen,2,06-02-1982,Ukraine_2022,Camp 7,2,2,No remarks
210,Amelia Davis,3,11-04-1984,Ukraine_2022,Camp 7,6,5,No remarks
211,Edward Jackson,1,19-08-1975,Ukraine_2022,Camp 7,7,4,No remarks
212,Fiona Smith,3,03-12-1955,Ukraine_2022,Camp 7,1,7,No remarks
213,Hannah Smith,1,06-11-1951,Ukraine_2022,Camp 7,3,4,No remarks
214,Brian Miller,1,27-07-1977,Ukraine_2022,Camp 7,7,3,No remarks
215,Umar King,2,07-01-1986,Ukraine_2022,Camp 7,4,7,No remarks
216,Ian Jones,1,25-07-1996,Ukraine_2022,Camp 7,1,6,No remarks
217,Alice Martin,3,20-12-1980,Ukraine_2022,Camp 7,1,3,No remarks
218,Charlie Miller,2,25-12-1964,Ukraine_2022,Camp 7,1,6,No remarks
219,Laura Smith,2,14-03-1975,Ukraine_2022,Camp 7,7,1,No remarks
220,Oscar King,3,09-05-1969,Ukraine_2022,Camp 7,4,2,No remarks
221,Umar White,1,16-09-1961,Ukraine_2022,Camp 7,1,2,Needs job assistance
222,Amelia Martin,1,02-10-1993,Osaka_2017,Camp 1,1,7,No remarks
223,Alice King,3,26-03-1986,Osaka_2017,Camp 1,1,7,No remarks
224,George Walker,1,01-02-1956,Osaka_2017,Camp 1,1,4,No remarks
225,Quentin Wilson,3,12-06-1973,Osaka_2017,Camp 1,1,3,No remarks
226,Nora Allen,2,24-06-1991,Osaka_2017,Camp 1,1,6,No remarks
227,Brian Hall,3,04-11-1957,Osaka_2017,Camp 1,1,1,Needs job assistance
228,Bob Miller,1,26-04-1952,Osaka_2017,Camp 1,4,1,No remarks
229,Walter Miller,2,16-04-1976,Osaka_2017,Camp 1,3,2,No remarks
230,Daniel Thompson,2,04-04-1985,Osaka_2017,Camp 2,1,2,Looking for family members
231,Yvonne Thomas,3,13-09-1964,Osaka_2017,Camp 2,1,2,No remarks
232,Ellen Thomas,2,06-08-1954,Osaka_2017,Camp 2,1,2,No remarks
233,Michael Hernandez,2,25-05-1988,Osaka_2017,Camp 2,1,2,No remarks
234,Walter Walker,3,17-02-1967,Osaka_2017,Camp 2,1,5,No remarks
235,Vivian Harris,1,06-12-1994,Osaka_2017,Camp 2,5,4,No remarks
236,Vivian Robinson,2,06-01-1994,Osaka_2017,Camp 2,7,6,No remarks
237,Yvonne Hall,3,11-06-2000,Osaka_2017,Camp 2,5,7,No remarks
238,Walter Walker,1,26-11-1969,Osaka_2017,Camp 2,1,7,No remarks
239,Tina Taylor,3,09-01-1970,Osaka_2017,Camp 2,1,1,No remarks
240,Ian Hernandez,2,05-01-1965,Osaka_2017,Camp 2,1,6,No remarks
241,Oscar Walker,1,02-05-1981,Osaka_2017,Camp 2,1,4,No remarks
242,Judy Anderson,1,19-02-1970,Osaka_2017,Camp 2,4,1,No remarks
243,Ian Williams,3,14-09-1981,Osaka_2017,Camp 2,1,3,No remarks
244,Zack Taylor,1,28-03-1987,Osaka_2017,Camp 2,1,3,Requires language support
245,Xena Thompson,1,25-06-1993,Osaka_2017,Camp 2,1,1,No remarks
246,Quentin Thomas,2,13-02-1955,Osaka_2017,Camp 2,1,3,Looking for family members
247,Amelia Wilson,3,03-04-1955,Osaka_2017,Camp 2,1,6,No remarks
248,Paula Lewis,2,13-05-1981,Osaka_2017,Camp 2,1,3,No remarks
249,Walter Jones,3,08-12-1966,Osaka_2017,Camp 2,1,4,No remarks
250,George King,1,15-06-1950,Osaka_2017,Camp 2,1,4,No remarks
251,Paula Miller,1,16-06-1999,Osaka_2017,Camp 2,1,2,No remarks
252,George Jackson,1,01-04-1966,Osaka_2017,Camp 2,1,7,No remarks
253,Xena Clark,3,03-10-1967,Osaka_2017,Camp 2,4,2,No remarks
254,Umar Hernandez,2,23-04-1952,Osaka_2017,Camp 2,1,1,Missing a pet
255,Hannah Lewis,2,16-06-1963,Osaka_2017,Camp 2,1,1,No remarks
256,Daniel Hernandez,3,04-08-1961,Osaka_2017,Camp 3,3,7,No remarks
257,Edward Jackson,3,08-01-1970,Osaka_2017,Camp 3,1,7,No remarks
258,Walter White,2,17-07-1953,Osaka_2017,Camp 3,1,1,No remarks
259,Diana Davis,1,22-02-1966,Osaka_2017,Camp 3,1,5,No remarks
260,Judy Lee,1,18-05-1966,Osaka_2017,Camp 3,7,7,No remarks
261,Amelia Jackson,1,25-03-1980,Osaka_2017,Camp 3,1,3,No remarks
262,Diana Young,1,14-07-1983,Osaka_2017,Camp 3,7,1,Needs job assistance
263,Umar Robinson,2,15-09-1957,Osaka_2017,Camp 3,1,2,No remarks
264,Fiona Harris,2,23-05-1954,Osaka_2017,Camp 3,1,6,No remarks
265,Diana White,2,17-01-1985,Osaka_2017,Camp 3,1,6,Requires language support
266,Steve Garcia,1,23-05-1963,Osaka_2017,Camp 3,2,3,No remarks
267,Charlotte Garcia,2,18-05-1977,Osaka_2017,Camp 3,1,1,No remarks
268,Diana Allen,2,19-12-1952,Osaka_2017,Camp 3,1,7,No remarks
269,Umar Allen,1,09-01-1956,Osaka_2017,Camp 3,1,3,No remarks
270,Steve Garcia,2,11-04-1992,Osaka_2017,Camp 3,1,4,No remarks
271,Amelia Walker,3,04-01-1950,Osaka_2017,Camp 3,7,2,No remarks
272,Rachel Martin,3,11-04-1962,Osaka_2017,Camp 3,3,4,Awaiting relocation
273,Charlotte Clark,2,24-12-1958,Osaka_2017,Camp 3,5,3,No remarks
274,Paula Jones,1,12-12-1981,Osaka_2017,Camp 3,1,4,No remarks
275,Vivian Allen,3,18-05-1991,Osaka_2017,Camp 3,1,6,No remarks
276,Oscar Allen,3,01-03-1996,Osaka_2017,Camp 3,7,6,No remarks
277,Diana Brown,2,10-03-1959,Osaka_2017,Camp 3,2,2,No remarks
278,Daniel Thomas,3,26-06-1991,Osaka_2017,Camp 3,1,1,No remarks
279,Charlie Thomas,3,07-07-1992,Osaka_2017,Camp 3,4,1,No remarks
280,Ian Harris,1,20-03-1954,Osaka_2017,Camp 4,1,4,No remarks
281,George Hernandez,1,11-12-1991,Osaka_2017,Camp 4,1,2,No remarks
282,Umar White,2,06-03-1970,Osaka_2017,Camp 4,1,6,No remarks
283,Edward Jackson,2,10-05-1982,Osaka_2017,Camp 4,1,2,No remarks
284,Vivian Garcia,2,04-10-1952,Osaka_2017,Camp 4,1,1,No remarks
285,Brian Hernandez,2,17-01-1997,Osaka_2017,Camp 4,6,7,No remarks
286,Xena Lewis,2,28-10-1961,Osaka_2017,Camp 4,1,5,No remarks
287,Paula Johnson,1,17-10-1976,Osaka_2017,Camp 4,1,2,No remarks
288,Yvonne Garcia,1,22-06-1988,Osaka_2017,Camp 4,1,2,Needs job assistance
289,Nora Rodriguez,1,01-08-1960,Osaka_2017,Camp 4,1,4,No remarks
290,Charlotte Martinez,3,02-10-1984,Osaka_2017,Camp 4,1,2,No remarks
291,Amelia Allen,1,12-02-1988,Osaka_2017,Camp 4,4,4,No remarks
292,Ellen Jones,1,18-11-1964,Osaka_2017,Camp 4,2,4,No remarks
293,Daniel Miller,2,27-07-1978,Osaka_2017,Camp 4,1,3,No remarks
294,Brian Garcia,2,17-12-1991,Osaka_2017,Camp 4,1,5,No remarks
295,Amelia Jones,1,16-10-1959,Osaka_2017,Camp 4,1,1,No remarks
296,Steve Allen,2,28-05-1988,Rio de Janeiro_2021,Camp 1,1,7,No remarks
297,Diana Walker,2,28-02-1970,Rio de Janeiro_2021,Camp 1,1,3,No remarks
298,Yvonne Miller,3,21-06-1975,Rio de Janeiro_2021,Camp 1,1,1,No remarks
299,Laura Lewis,2,09-12-1976,Rio de Janeiro_2021,Camp 1,1,1,No remarks
300,Judy Walker,1,24-05-1971,Rio de Janeiro_2021,Camp 1,3,3,No remarks
301,Yvonne Anderson,1,05-10-1962,Rio de Janeiro_2021,Camp 1,7,7,No remarks
302,Umar Thomas,3,05-05-1958,Rio de Janeiro_2021,Camp 1,6,3,Awaiting relocation
303,Edward Taylor,2,05-09-1972,Rio de Janeiro_2021,Camp 1,1,3,Looking for family members
304,Yvonne Wilson,3,14-07-1956,Rio de Janeiro_2021,Camp 1,1,1,No remarks
305,Daniel Davis,2,07-06-1961,Rio de Janeiro_2021,Camp 1,1,4,No remarks
306,Brian Garcia,1,02-04-1995,Rio de Janeiro_2021,Camp 1,1,6,No remarks
307,Vivian Hall,2,16-03-1998,Rio de Janeiro_2021,Camp 1,4,6,No remarks
308,Amelia Young,1,19-10-1961,Rio de Janeiro_2021,Camp 1,1,2,No remarks
309,Amelia Jones,2,14-05-1967,Rio de Janeiro_2021,Camp 1,1,4,No remarks
310,Vivian Lewis,2,11-07-1967,Rio de Janeiro_2021,Camp 1,5,3,No remarks
311,Hannah Thompson,3,14-02-1968,Rio de Janeiro_2021,Camp 1,1,4,No remarks
312,Ian Lewis,3,15-09-1974,Rio de Janeiro_2021,Camp 1,1,7,No remarks
313,Yvonne White,3,16-11-1965,Rio de Janeiro_2021,Camp 1,1,4,No remarks
314,Nora Robinson,2,04-08-1960,Rio de Janeiro_2021,Camp 1,3,1,No remarks
315,Alice Clark,1,26-02-1997,Rio de Janeiro_2021,Camp 2,1,2,No remarks
316,Steve Hall,3,09-11-1977,Rio de Janeiro_2021,Camp 2,1,5,No remarks
317,Walter Lewis,1,05-12-1995,Rio de Janeiro_2021,Camp 2,1,5,No remarks
318,Walter Smith,3,18-08-1985,Rio de Janeiro_2021,Camp 2,1,2,No remarks
319,Umar Davis,2,18-03-1981,Rio de Janeiro_2021,Camp 2,2,3,No remarks
320,Oscar Rodriguez,2,15-11-1969,Rio de Janeiro_2021,Camp 2,1,2,No remarks
321,Paula Garcia,1,26-11-1973,Rio de Janeiro_2021,Camp 2,1,7,No remarks
322,Charlie Johnson,3,22-11-1962,Rio de Janeiro_2021,Camp 2,1,1,Requires language support
323,Daniel Young,2,01-10-1998,Rio de Janeiro_2021,Camp 2,1,3,No remarks
324,Alice Garcia,2,17-03-1958,Rio de Janeiro_2021,Camp 2,1,3,Requires language support
325,Hannah Jackson,1,14-04-1959,Rio de Janeiro_2021,Camp 2,4,2,No remarks
326,Hannah Smith,2,07-02-1978,Rio de Janeiro_2021,Camp 2,2,3,No remarks
327,Alice Miller,3,09-08-1990,Rio de Janeiro_2021,Camp 2,2,2,No remarks
328,Judy Martinez,3,27-07-1977,Rio de Janeiro_2021,Camp 2,1,7,No remarks
329,Nora Harris,3,03-02-1954,Rio de Janeiro_2021,Camp 2,1,1,No remarks
330,Laura Jackson,3,17-05-1972,Rio de Janeiro_2021,Camp 2,1,4,No remarks
331,Paula Young,2,06-07-1996,Rio de Janeiro_2021,Camp 2,5,3,No remarks
332,Judy Anderson,3,03-09-1967,Rio de Janeiro_2021,Camp 2,2,3,No remarks
333,Nora Williams,1,12-02-1982,Rio de Janeiro_2021,Camp 2,6,3,No remarks
334,Yvonne Miller,1,02-08-1976,Rio de Janeiro_2021,Camp 2,1,5,No remarks
335,Zack Robinson,3,17-05-1968,Rio de Janeiro_2021,Camp 2,1,2,No remarks
336,Oscar Wilson,1,08-09-1960,Rio de Janeiro_2021,Camp 2,6,1,No remarks
337,Oscar Harris,1,05-06-1984,Rio de Janeiro_2021,Camp 2,1,7,No remarks
338,Ellen Brown,1,12-07-1958,Rio de Janeiro_2021,Camp 2,5,4,Awaiting relocation
339,Bob Clark,1,11-11-1991,Rio de Janeiro_2021,Camp 2,3,1,No remarks
340,Alice Allen,1,15-08-1951,Rio de Janeiro_2021,Camp 3,1,2,No remarks
341,Ian Hernandez,3,18-05-1993,Rio de Janeiro_2021,Camp 3,2,6,No remarks
342,Steve Robinson,3,11-03-1972,Rio de Janeiro_2021,Camp 3,1,7,No remarks
343,Judy Johnson,1,25-11-2000,Rio de Janeiro_2021,Camp 3,1,7,No remarks
344,Paula Harris,2,03-10-1964,Rio de Janeiro_2021,Camp 3,4,1,No remarks
345,Michael Walker,2,08-08-1973,Rio de Janeiro_2021,Camp 3,1,3,No remarks
346,Quentin Young,2,09-02-1957,Rio de Janeiro_2021,Camp 3,5,3,No remarks
347,Charlie Martinez,2,24-12-1954,Rio de Janeiro_2021,Camp 3,1,7,No remarks
348,Ian Anderson,2,11-12-1997,Rio de Janeiro_2021,Camp 3,4,3,Missing a pet
349,Edward Wilson,2,21-02-1968,Rio de Janeiro_2021,Camp 3,5,2,No remarks
350,Steve Lee,1,23-06-1992,Rio de Janeiro_2021,Camp 3,1,7,No remarks
351,Paula Martinez,2,04-01-1985,Rio de Janeiro_2021,Camp 3,1,2,No remarks
352,Ellen Thomas,2,03-11-1994,Rio de Janeiro_2021,Camp 3,1,2,Needs job assistance
353,Yvonne Robinson,2,12-12-1978,Rio de Janeiro_2021,Camp 3,4,2,No remarks
354,Oscar King,1,18-07-1981,Rio de Janeiro_2021,Camp 3,1,4,No remarks
355,Hannah Clark,3,05-07-1957,Rio de Janeiro_2021,Camp 3,1,1,No remarks
356,Oscar Hall,3,08-11-1998,Rio de Janeiro_2021,Camp 3,1,5,No remarks
357,Bob Anderson,3,28-05-1989,Rio de Janeiro_2021,Camp 4,6,5,No remarks
358,Charlie Young,2,11-07-1976,Rio de Janeiro_2021,Camp 4,3,3,No remarks
359,Zack Robinson,3,11-06-1991,Rio de Janeiro_2021,Camp 4,1,2,No remarks
360,Vivian Lee,1,08-10-1966,Rio de Janeiro_2021,Camp 4,1,2,No remarks
361,Daniel Garcia,2,25-10-1994,Rio de Janeiro_2021,Camp 4,1,5,No remarks
362,Laura Clark,3,08-06-1964,Rio de Janeiro_2021,Camp 4,1,6,No remarks
363,Walter Davis,1,06-01-1982,Rio de Janeiro_2021,Camp 4,1,6,No remarks
364,Paula Garcia,3,11-10-2000,Rio de Janeiro_2021,Camp 4,5,5,No remarks
365,Charlotte Clark,3,14-11-1982,Rio de Janeiro_2021,Camp 4,1,1,No remarks
366,George Lewis,1,02-09-1996,Rio de Janeiro_2021,Camp 4,1,7,Needs job assistance
367,Tina Harris,2,11-08-1981,Rio de Janeiro_2021,Camp 4,1,7,No remarks
368,Yvonne Lewis,3,27-10-1969,Rio de Janeiro_2021,Camp 4,1,5,Awaiting relocation
369,Judy Harris,3,11-07-1964,Rio de Janeiro_2021,Camp 4,5,5,Looking for family members
370,Ellen Williams,2,05-08-1998,Rio de Janeiro_2021,Camp 4,1,6,No remarks
371,Charlie Garcia,2,02-09-1998,Rio de Janeiro_2021,Camp 4,1,4,No remarks
372,Judy Anderson,2,28-08-1987,Rio de Janeiro_2021,Camp 4,1,1,No remarks
373,Paula Martinez,2,15-05-1991,Rio de Janeiro_2021,Camp 5,5,6,Missing a pet
374,Charlotte Garcia,3,06-03-1956,Rio de Janeiro_2021,Camp 5,1,2,Awaiting relocation
375,Fiona Hernandez,1,05-12-1953,Rio de Janeiro_2021,Camp 5,2,7,No remarks
376,Brian Thompson,1,04-08-1980,Rio de Janeiro_2021,Camp 5,6,5,No remarks
377,Xena Hall,3,19-12-1966,Rio de Janeiro_2021,Camp 5,5,4,No remarks
378,Laura White,3,19-02-1965,Rio de Janeiro_2021,Camp 5,6,4,No remarks
379,Bob Garcia,1,25-11-1951,Rio de Janeiro_2021,Camp 5,1,1,No remarks
380,Umar Thomas,3,10-05-1973,Rio de Janeiro_2021,Camp 5,1,6,No remarks
381,Zack Garcia,2,10-01-1967,Rio de Janeiro_2021,Camp 5,2,1,Awaiting relocation
382,Charlie Taylor,2,27-04-1997,Rio de Janeiro_2021,Camp 6,1,2,Missing a pet
383,Umar Harris,2,08-08-1956,Rio de Janeiro_2021,Camp 6,1,4,No remarks
384,Fiona Harris,1,21-07-1992,Rio de Janeiro_2021,Camp 6,1,6,No remarks
385,Amelia King,3,22-01-1967,Rio de Janeiro_2021,Camp 6,1,1,No remarks
386,Umar Martinez,3,09-03-1965,Rio de Janeiro_2021,Camp 6,1,6,Missing a pet
387,Nora Jackson,1,11-11-1984,Rio de Janeiro_2021,Camp 6,1,1,No remarks
388,Quentin Davis,3,11-06-1992,Rio de Janeiro_2021,Camp 6,2,7,Needs job assistance
389,Vivian Young,1,09-07-1958,Rio de Janeiro_2021,Camp 6,7,4,No remarks
390,Yvonne Clark,1,24-10-1952,Rio de Janeiro_2021,Camp 6,6,3,No remarks
391,Oscar Thomas,3,05-09-1981,Rio de Janeiro_2021,Camp 6,1,5,No remarks
392,Walter Johnson,3,01-12-1980,Rio de Janeiro_2021,Camp 6,1,6,Needs job assistance
393,Nora Hernandez,3,19-10-1970,Rio de Janeiro_2021,Camp 6,1,3,Needs job assistance
394,Michael Davis,2,28-03-1964,Rio de Janeiro_2021,Camp 6,2,5,No remarks
395,Laura Davis,1,06-01-1973,Rio de Janeiro_2021,Camp 6,1,1,Requires language support
396,Daniel Walker,1,03-03-1959,Rio de Janeiro_2021,Camp 6,1,5,No remarks
397,Steve Hernandez,1,16-11-1983,Rio de Janeiro_2021,Camp 6,7,7,No remarks
398,Umar Jackson,3,09-02-1961,Rio de Janeiro_2021,Camp 6,1,5,No remarks
399,Zack Davis,3,14-03-1968,Rio de Janeiro_2021,Camp 6,1,3,No remarks
400,Umar Anderson,2,07-07-1975,Rio de Janeiro_2021,Camp 6,1,7,No remarks
401,Amelia Rodriguez,3,01-04-1955,Rio de Janeiro_2021,Camp 6,1,4,No remarks
402,Steve Miller,1,17-01-1985,Rio de Janeiro_2021,Camp 6,1,5,No remarks
403,Ian Lee,1,26-07-1993,Rio de Janeiro_2021,Camp 6,1,6,No remarks
404,Yvonne Walker,2,02-04-1963,Chicago_2022,Camp 1,1,5,No remarks
405,Ian Jackson,3,02-10-1987,Chicago_2022,Camp 1,2,2,Looking for family members
406,Tina Garcia,1,16-09-1965,Chicago_2022,Camp 1,1,5,No remarks
407,Umar Hall,1,06-11-1985,Chicago_2022,Camp 1,1,1,No remarks
408,Amelia Jackson,2,07-09-1961,Chicago_2022,Camp 1,1,7,No remarks
409,Quentin Clark,1,12-07-1964,Chicago_2022,Camp 1,1,7,No remarks
410,Alice Martin,3,22-09-1958,Chicago_2022,Camp 1,2,3,Requires language support
411,Daniel Miller,2,12-07-1974,Chicago_2022,Camp 1,1,6,No remarks
412,Walter Taylor,2,10-06-1955,Chicago_2022,Camp 1,1,2,No remarks
413,Ellen Davis,1,18-08-1993,Chicago_2022,Camp 1,1,5,No remarks
414,Zack Williams,2,04-05-1986,Chicago_2022,Camp 1,1,4,No remarks
415,Xena Lewis,2,23-05-1998,Chicago_2022,Camp 1,1,4,No remarks
416,Yvonne Harris,3,06-08-2000,Chicago_2022,Camp 1,1,7,No remarks
417,Yvonne Hernandez,2,02-05-1957,Chicago_2022,Camp 1,2,2,Missing a pet
418,Judy Rodriguez,2,02-07-1976,Chicago_2022,Camp 1,3,5,No remarks
419,Amelia Jones,3,01-12-1977,Chicago_2022,Camp 1,1,6,No remarks
420,Zack Wilson,1,11-07-1951,Chicago_2022,Camp 1,1,2,Requires language support
421,Walter King,2,28-09-1983,Chicago_2022,Camp 1,7,3,No remarks
422,Edward Brown,3,15-08-1951,Chicago_2022,Camp 1,4,1,No remarks
423,George Lewis,1,28-01-1985,Chicago_2022,Camp 1,1,3,No remarks
424,Charlotte Harris,1,03-07-1987,Chicago_2022,Camp 1,7,4,No remarks
425,Charlotte Lee,1,09-02-1957,Chicago_2022,Camp 2,1,7,No remarks
426,Walter Anderson,2,27-07-1987,Chicago_2022,Camp 2,1,2,No remarks
427,Paula Davis,1,19-09-1997,Chicago_2022,Camp 2,1,6,No remarks
428,Tina Young,2,28-01-1957,Chicago_2022,Camp 2,1,7,No remarks
429,Diana Miller,2,21-08-1971,Chicago_2022,Camp 2,1,7,No remarks
430,Paula Hall,3,13-02-1979,Chicago_2022,Camp 2,1,6,No remarks
431,Hannah Brown,2,26-01-1965,Chicago_2022,Camp 2,1,5,No remarks
432,Daniel Martinez,2,14-06-1967,Chicago_2022,Camp 2,6,3,Needs job assistance
433,Amelia Taylor,1,14-09-2000,Chicago_2022,Camp 2,2,3,No remarks
434,Tina Rodriguez,2,16-12-1980,Chicago_2022,Camp 2,1,1,No remarks
435,Steve Clark,3,28-08-1987,Chicago_2022,Camp 2,1,2,No remarks
436,Quentin Robinson,2,17-09-1978,Chicago_2022,Camp 2,1,5,No remarks
437,Judy Smith,2,03-11-1977,Chicago_2022,Camp 2,1,4,Requires language support
438,Tina Miller,2,27-03-1961,Chicago_2022,Camp 2,1,1,No remarks
439,Zack Davis,1,16-12-1969,Chicago_2022,Camp 2,1,7,No remarks
440,Edward Robinson,3,20-09-1987,Chicago_2022,Camp 2,1,1,No remarks
441,Ellen Harris,3,07-09-1992,Chicago_2022,Camp 2,1,1,Needs job assistance
442,Xena Rodriguez,1,12-06-1955,Chicago_2022,Camp 2,1,5,No remarks
443,Edward King,2,21-01-1988,Chicago_2022,Camp 2,1,4,Requires language support
444,Zack Anderson,1,11-03-1982,Chicago_2022,Camp 2,1,5,No remarks
445,Rachel Brown,3,27-01-1950,Chicago_2022,Camp 2,1,4,No remarks
446,Xena Rodriguez,3,24-06-1974,Chicago_2022,Camp 2,1,1,No remarks
447,Alice Hernandez,1,27-12-1982,Chicago_2022,Camp 3,2,6,No remarks
448,Vivian Jackson,2,01-06-1990,Chicago_2022,Camp 3,1,6,No remarks
449,Bob Miller,3,28-07-1973,Chicago_2022,Camp 3,2,3,No remarks
450,Nora Hernandez,2,05-08-1983,Chicago_2022,Camp 3,1,7,No remarks
451,Fiona Harris,3,15-09-1955,Chicago_2022,Camp 3,1,1,Looking for family members
452,George Lee,2,09-08-1992,Chicago_2022,Camp 3,1,1,No remarks
453,Laura Robinson,1,25-01-1976,Chicago_2022,Camp 3,1,4,Looking for family members
454,Judy White,1,20-03-1950,Chicago_2022,Camp 3,1,3,No remarks
455,Alice Rodriguez,1,12-12-1987,Chicago_2022,Camp 3,6,4,No remarks
456,Laura Walker,3,09-12-1987,Chicago_2022,Camp 3,6,1,No remarks
457,Tina Thompson,2,02-07-1980,Chicago_2022,Camp 3,1,4,No remarks
458,George Davis,2,14-09-1998,Chicago_2022,Camp 3,1,4,No remarks
459,Xena Hall,2,26-04-1963,Chicago_2022,Camp 3,1,5,No remarks
460,Oscar Martin,1,03-03-1965,Chicago_2022,Camp 3,1,6,No remarks
461,Diana Martinez,1,06-02-1967,Chicago_2022,Camp 3,1,1,No remarks
462,Rachel Williams,2,21-02-1958,Chicago_2022,Camp 3,3,6,No remarks
463,Steve White,1,24-10-1984,Chicago_2022,Camp 4,6,6,No remarks
464,Zack Miller,1,14-07-1964,Chicago_2022,Camp 4,1,5,No remarks
465,Quentin Jones,3,22-08-1991,Chicago_2022,Camp 4,5,5,No remarks
466,Quentin Hall,3,06-06-1950,Chicago_2022,Camp 4,1,6,No remarks
467,Quentin Johnson,3,24-06-1967,Chicago_2022,Camp 4,5,6,No remarks
468,Fiona Williams,1,09-06-1983,Chicago_2022,Camp 4,1,5,No remarks
469,Paula Hernandez,2,10-04-1952,Chicago_2022,Camp 4,4,7,No remarks
470,Yvonne Walker,1,21-06-1967,Chicago_2022,Camp 4,3,1,No remarks
471,Laura Lewis,3,28-02-1965,Chicago_2022,Camp 4,1,7,No remarks
472,Amelia Clark,1,05-02-1960,Chicago_2022,Camp 4,3,2,No remarks
473,Nora White,3,25-03-1979,Chicago_2022,Camp 4,1,1,No remarks
474,Oscar Clark,3,16-03-1960,Chicago_2022,Camp 4,3,3,No remarks
475,Charlotte Young,1,10-02-1993,Chicago_2022,Camp 4,3,6,No remarks
476,Fiona Anderson,1,01-09-1991,Chicago_2022,Camp 4,1,1,No remarks
477,Diana Jones,2,12-06-1993,Chicago_2022,Camp 4,1,3,No remarks
478,Xena Thomas,2,02-08-1962,Chicago_2022,Camp 4,1,4,No remarks
479,Umar Jones,2,06-03-1982,Chicago_2022,Camp 4,1,2,No remarks
480,Ellen Wilson,2,22-07-1989,Chicago_2022,Camp 4,1,1,No remarks
481,Ian Clark,3,08-03-1954,Chicago_2022,Camp 4,7,7,Missing a pet
482,Quentin Taylor,1,09-01-1956,Chicago_2022,Camp 4,6,3,No remarks
483,Yvonne Rodriguez,3,11-04-1964,Chicago_2022,Camp 4,1,1,No remarks
484,Alice Thomas,2,04-05-1960,Chicago_2022,Camp 4,1,4,Awaiting relocation
485,Oscar Lewis,3,02-09-1967,Chicago_2022,Camp 4,1,4,No remarks
486,Bob Taylor,3,01-12-1979,Chicago_2022,Camp 4,1,2,No remarks
487,Paula Rodriguez,2,27-07-1955,Chicago_2022,Camp 4,1,1,No remarks
488,Diana Jones,2,11-05-1989,Chicago_2022,Camp 5,7,4,Looking for family members
489,Steve Smith,3,18-10-1965,Chicago_2022,Camp 5,4,2,No remarks
490,Paula Smith,1,18-03-1975,Chicago_2022,Camp 5,4,5,No remarks
491,Paula Wilson,3,06-10-1972,Chicago_2022,Camp 5,1,1,No remarks
492,Tina Wilson,1,09-04-2000,Chicago_2022,Camp 5,1,1,Missing a pet
493,Charlotte Allen,2,26-05-1967,Chicago_2022,Camp 5,1,7,No remarks
494,Ellen Garcia,2,15-10-1996,Chicago_2022,Camp 5,1,1,No remarks
495,Rachel Brown,1,25-11-1959,Chicago_2022,Camp 5,1,3,No remarks
496,Umar Lewis,1,21-06-2000,Chicago_2022,Camp 5,1,7,No remarks
497,Daniel Martin,3,15-01-1999,Chicago_2022,Camp 5,1,2,No remarks
498,Nora Jackson,3,12-10-1970,Chicago_2022,Camp 5,1,4,No remarks
499,Fiona Lewis,3,14-09-1952,Chicago_2022,Camp 5,1,1,No remarks
500,Ellen King,1,18-10-1992,Chicago_2022,Camp 5,1,2,Requires language support
501,Yvonne Anderson,1,18-07-1977,Chicago_2022,Camp 5,1,1,No remarks
502,Michael Garcia,1,21-06-1955,Chicago_2022,Camp 5,1,1,No remarks
503,Nora Miller,1,22-07-1960,Barcelona_2022,Camp 1,7,2,Requires language support
504,Laura Robinson,3,01-04-1958,Barcelona_2022,Camp 1,1,1,No remarks
505,Zack Garcia,2,28-10-1960,Barcelona_2022,Camp 1,1,6,No remarks
506,Oscar Miller,2,13-05-1977,Barcelona_2022,Camp 1,1,4,No remarks
507,Amelia Harris,2,27-01-1980,Barcelona_2022,Camp 1,7,1,No remarks
508,Diana Williams,2,06-01-1972,Barcelona_2022,Camp 1,1,1,No remarks
509,Michael Jackson,1,26-04-1989,Barcelona_2022,Camp 1,1,3,No remarks
510,Alice Lewis,2,10-11-2000,Barcelona_2022,Camp 1,1,5,Missing a pet
511,Tina Brown,2,04-09-1983,Barcelona_2022,Camp 1,1,6,No remarks
512,Nora Hall,2,22-12-1962,Barcelona_2022,Camp 1,6,7,Missing a pet
513,Michael Clark,1,08-06-1951,Barcelona_2022,Camp 1,1,5,No remarks
514,Edward Martinez,2,06-01-1963,Barcelona_2022,Camp 1,1,3,No remarks
515,Daniel Hernandez,2,14-04-1966,Barcelona_2022,Camp 1,1,4,No remarks
516,Amelia Brown,3,25-07-1980,Barcelona_2022,Camp 1,7,2,Requires language support
517,Walter Davis,2,27-05-1963,Barcelona_2022,Camp 1,1,1,No remarks
518,Charlie Davis,1,01-09-1996,Barcelona_2022,Camp 1,1,4,No remarks
519,Charlotte Jackson,3,17-08-1955,Barcelona_2022,Camp 1,4,5,No remarks
520,Michael Smith,3,13-10-1991,Barcelona_2022,Camp 1,3,3,No remarks
521,Alice Garcia,2,18-05-1970,Barcelona_2022,Camp 1,1,4,No remarks
522,Walter Thomas,1,26-08-1957,Barcelona_2022,Camp 1,3,1,Requires language support
523,Michael Hall,2,16-07-1972,Barcelona_2022,Camp 1,5,5,No remarks
524,Diana Thompson,3,21-02-1975,Barcelona_2022,Camp 1,1,7,No remarks
525,Amelia Taylor,2,10-06-1987,Barcelona_2022,Camp 1,6,3,No remarks
526,George Walker,2,04-08-1978,Barcelona_2022,Camp 1,3,1,Needs job assistance
527,Quentin Miller,1,07-10-1958,Barcelona_2022,Camp 1,6,4,No remarks
528,Judy Garcia,1,11-06-1973,Barcelona_2022,Camp 1,2,2,No remarks
529,Yvonne Rodriguez,1,15-01-1951,Barcelona_2022,Camp 1,1,5,No remarks
530,Quentin Taylor,1,24-05-1966,Barcelona_2022,Camp 1,1,2,No remarks
531,George Allen,1,22-04-1991,Barcelona_2022,Camp 2,1,5,Missing a pet
532,Yvonne Walker,3,08-10-1959,Barcelona_2022,Camp 2,6,6,Awaiting relocation
533,George Brown,2,02-08-1959,Barcelona_2022,Camp 2,1,4,Looking for family members
534,Amelia Harris,2,21-05-1984,Barcelona_2022,Camp 2,1,6,No remarks
535,Nora Williams,1,04-11-1992,Barcelona_2022,Camp 2,1,5,No remarks
536,Xena Clark,2,24-05-1999,Barcelona_2022,Camp 2,5,5,No remarks
537,Walter Robinson,1,04-02-1988,Barcelona_2022,Camp 2,4,3,No remarks
538,Steve Hernandez,3,17-01-1988,Barcelona_2022,Camp 2,1,6,No remarks
539,Fiona Thompson,2,27-03-1965,Barcelona_2022,Camp 2,1,1,No remarks
540,Vivian Taylor,1,16-07-1983,Barcelona_2022,Camp 2,1,1,No remarks
541,Edward Martin,3,03-11-1989,Barcelona_2022,Camp 3,6,6,No remarks
542,Charlotte Garcia,1,10-04-1957,Barcelona_2022,Camp 3,1,5,No remarks
543,Amelia Taylor,2,20-11-1996,Barcelona_2022,Camp 3,1,6,No remarks
544,Hannah Jackson,1,21-12-1974,Barcelona_2022,Camp 3,1,6,No remarks
545,Oscar Rodriguez,2,13-12-1955,Barcelona_2022,Camp 3,1,4,No remarks
546,Steve Smith,3,25-09-1975,Barcelona_2022,Camp 3,1,4,Requires language support
547,Michael Taylor,3,19-03-1953,Barcelona_2022,Camp 4,1,4,No remarks
548,Rachel Hall,1,05-07-1998,Barcelona_2022,Camp 4,1,6,Missing a pet
549,Charlie Thomas,1,09-09-1975,Barcelona_2022,Camp 4,1,5,No remarks
550,Amelia Lee,1,25-01-1996,Barcelona_2022,Camp 4,1,1,No remarks
551,Xena Lewis,1,23-05-1993,Barcelona_2022,Camp 4,1,6,No remarks
552,Laura Clark,3,25-02-1967,Barcelona_2022,Camp 4,1,1,No remarks
553,Ian Thompson,3,09-04-1991,Barcelona_2022,Camp 4,1,3,Needs job assistance
554,Ellen Wilson,2,02-07-1990,Barcelona_2022,Camp 4,1,7,No remarks
555,Zack Thomas,3,07-02-1985,Barcelona_2022,Camp 4,1,6,No remarks
556,Yvonne Johnson,3,26-10-2000,Barcelona_2022,Camp 4,1,4,No remarks
557,George Garcia,3,25-12-1970,Barcelona_2022,Camp 4,1,6,No remarks
558,Yvonne Anderson,3,13-10-1958,Barcelona_2022,Camp 4,3,3,No remarks
559,Tina Jackson,2,12-08-1966,Barcelona_2022,Camp 4,1,1,Needs job assistance
560,Daniel Martinez,3,02-09-1996,Barcelona_2022,Camp 4,1,1,No remarks
561,Charlie Hernandez,2,03-05-1994,Barcelona_2022,Camp 4,1,1,No remarks
562,Ian White,3,08-04-1950,Barcelona_2022,Camp 5,3,7,No remarks
563,Laura Robinson,1,07-05-1957,Barcelona_2022,Camp 5,1,4,No remarks
564,Umar King,2,13-02-1981,Barcelona_2022,Camp 5,7,6,No remarks
565,Judy Clark,1,08-08-1983,Barcelona_2022,Camp 5,1,1,No remarks
566,Bob Williams,1,11-10-1985,Barcelona_2022,Camp 5,1,7,No remarks
567,Rachel Wilson,3,18-01-1957,Barcelona_2022,Camp 5,1,7,No remarks
568,Ellen Davis,3,09-03-1955,Barcelona_2022,Camp 5,1,6,No remarks
569,Judy Walker,3,06-03-1965,Barcelona_2022,Camp 5,3,7,No remarks
570,Rachel Williams,3,20-04-1963,Barcelona_2022,Camp 5,1,2,No remarks
571,Michael Martin,2,17-08-1958,Barcelona_2022,Camp 5,1,2,Requires language support
572,Charlotte Williams,2,19-04-1952,Barcelona_2022,Camp 5,1,2,No remarks
573,Hannah Hall,1,23-11-1989,Barcelona_2022,Camp 5,3,1,Looking for family members
574,Amelia Robinson,3,23-04-1999,Barcelona_2022,Camp 6,1,1,No remarks
575,Ian Thompson,3,17-07-1984,Barcelona_2022,Camp 6,2,1,No remarks
576,Bob Hernandez,3,27-10-1993,Barcelona_2022,Camp 6,4,2,No remarks
577,Alice Garcia,3,23-04-1996,Barcelona_2022,Camp 6,1,2,No remarks
578,Judy Jackson,3,02-05-1962,Barcelona_2022,Camp 6,1,3,No remarks
579,Laura Lewis,1,04-03-1985,Barcelona_2022,Camp 6,2,1,No remarks
580,Nora Garcia,1,02-08-1998,Barcelona_2022,Camp 6,1,5,No remarks
581,Fiona King,1,20-12-1956,Barcelona_2022,Camp 6,1,2,No remarks
582,Fiona Allen,1,03-03-1984,Barcelona_2022,Camp 6,1,1,No remarks
583,Steve Thomas,3,10-12-1989,Barcelona_2022,Camp 6,1,5,No remarks
584,Hannah Miller,1,23-05-1962,Barcelona_2022,Camp 6,5,3,No remarks
585,Charlotte Anderson,2,13-11-1953,Barcelona_2022,Camp 6,1,1,Missing a pet
586,Yvonne Jones,1,09-06-1999,Barcelona_2022,Camp 6,1,4,No remarks
587,Yvonne Hernandez,2,08-03-1975,Barcelona_2022,Camp 6,1,3,No remarks
588,Xena King,1,09-08-1980,Barcelona_2022,Camp 6,1,7,No remarks
589,Yvonne Wilson,3,09-07-1953,Barcelona_2022,Camp 6,1,1,No remarks
590,Charlie Hernandez,1,06-02-1954,Barcelona_2022,Camp 6,1,2,No remarks
591,Brian Jones,2,19-05-1954,Barcelona_2022,Camp 7,1,4,No remarks
592,Michael Anderson,3,12-05-1982,Barcelona_2022,Camp 7,2,4,No remarks
593,Daniel Thompson,2,21-12-1986,Barcelona_2022,Camp 7,1,4,Needs job assistance
594,Charlotte Jones,1,12-07-1991,Barcelona_2022,Camp 7,1,1,No remarks
595,Charlie Taylor,3,14-08-1955,Barcelona_2022,Camp 7,1,2,No remarks
596,Ellen Robinson,1,11-10-1964,Barcelona_2022,Camp 7,1,5,No remarks
597,Zack Young,3,19-08-1967,Barcelona_2022,Camp 7,1,6,No remarks
598,Ellen Thomas,1,21-07-1966,Barcelona_2022,Camp 7,1,3,No remarks
599,Oscar Lewis,1,15-01-1956,Barcelona_2022,Camp 7,1,6,No remarks
600,Walter Garcia,1,03-03-1968,Barcelona_2022,Camp 7,1,7,No remarks
601,Ellen Allen,3,20-04-1990,Barcelona_2022,Camp 7,1,1,Needs job assistance
602,Vivian Miller,2,05-05-1996,Barcelona_2022,Camp 7,1,5,Requires language support
603,Charlie Harris,2,07-01-1977,Barcelona_2022,Camp 7,1,4,No remarks
604,Edward Lewis,1,28-06-1964,Barcelona_2022,Camp 8,1,3,No remarks
605,Charlie Jones,1,26-06-1970,Barcelona_2022,Camp 8,2,3,No remarks
606,Hannah Rodriguez,2,01-08-1969,Barcelona_2022,Camp 8,1,1,No remarks
607,Hannah Hernandez,1,27-07-2000,Barcelona_2022,Camp 8,1,6,No remarks
608,Oscar Smith,3,13-03-1965,Barcelona_2022,Camp 8,4,6,No remarks
609,Oscar Allen,2,05-09-1952,Barcelona_2022,Camp 8,1,2,No remarks
610,Xena Thomas,2,11-10-1957,Barcelona_2022,Camp 8,3,6,Looking for family members
611,Nora Williams,3,05-01-1955,Barcelona_2022,Camp 8,1,2,No remarks
612,Alice Hernandez,1,16-08-1960,Barcelona_2022,Camp 8,1,1,No remarks
613,Ellen Miller,2,17-04-1950,Barcelona_2022,Camp 8,1,3,No remarks
614,Brian Walker,2,04-12-1955,Barcelona_2022,Camp 8,1,7,No remarks
615,Steve Jackson,2,06-09-1971,Barcelona_2022,Camp 8,1,2,No remarks
616,Paula Rodriguez,3,26-03-1981,Barcelona_2022,Camp 8,3,2,Looking for family members
617,Diana Johnson,1,26-02-1951,Barcelona_2022,Camp 8,7,3,No remarks
618,Fiona Garcia,3,27-03-1973,Barcelona_2022,Camp 8,1,2,No remarks
619,Ian Smith,2,15-09-1951,Barcelona_2022,Camp 8,1,5,No remarks
620,Brian Hernandez,3,15-10-1955,Barcelona_2022,Camp 8,1,4,No remarks
621,Hannah Brown,3,19-08-1968,Barcelona_2022,Camp 8,1,2,No remarks
622,Ian Hall,1,03-07-1957,Barcelona_2022,Camp 8,1,7,No remarks
623,Ian Garcia,1,03-12-1979,Barcelona_2022,Camp 8,2,6,No remarks
624,Fiona Hernandez,3,05-06-1968,Barcelona_2022,Camp 8,1,7,No remarks
625,Walter Johnson,2,05-11-1988,Barcelona_2022,Camp 8,1,7,No remarks
626,Charlie Thomas,3,04-09-1990,Barcelona_2022,Camp 8,1,6,No remarks
627,Judy Jackson,3,18-09-1970,Barcelona_2022,Camp 8,1,2,Needs job assistance
